model,split,accuracy,balanced_accuracy,macro_f1,weighted_f1,precision_macro,recall_macro,mcc,down_f1,flat_f1,up_f1,roc_auc_macro_ovr,roc_auc_weighted_ovr,pr_auc_macro,pr_auc_weighted
Logistic Regression,validation,0.5370370370370371,0.4140989729225023,0.423671497584541,0.5459473966720343,0.4465608465608466,0.4140989729225023,0.119817771325045,0.5,0.6376811594202898,0.1333333333333333,0.4763830532212885,0.4868055555555556,0.420155094643547,0.5460367636010187
CatBoost,validation,0.6666666666666666,0.5639589169000933,0.5384615384615384,0.620032988454041,0.5619047619047619,0.5639589169000933,0.3147823023792615,0.2105263157894736,0.7894736842105263,0.6153846153846154,0.6949190787426082,0.6608024691358025,0.5076722147242313,0.5829052830135686
Logistic Regression,test,0.4074074074074074,0.3792397660818713,0.3498288204170556,0.3716498945257114,0.3522032468901539,0.3792397660818713,0.0873894973701754,0.5098039215686274,0.4444444444444444,0.0952380952380952,0.5105962177943602,0.5167951511088765,0.3822681073566735,0.3909291052888731
CatBoost,test,0.2962962962962963,0.3415204678362573,0.216708023159636,0.1976840363937138,0.2350557244174265,0.3415204678362573,0.0230718142547424,0.0,0.2307692307692307,0.4193548387096774,0.592389060887513,0.5909586056644881,0.4451826078784784,0.4486529420825487
1D-CNN,validation,0.5769230769230769,0.3668174962292609,0.34242424242424246,0.5248834498834498,0.43133997785160577,0.3668174962292609,0.035506282794784,0.13333333333333333,0.7272727272727273,0.16666666666666666,0.4839529029959375,0.46967980192202785,0.4145264714570234,0.5085905573740326
1D-CNN,test,0.3269230769230769,0.3190283400809717,0.3049169859514687,0.3138999410551135,0.33451924831235175,0.3190283400809717,-0.017288989026913996,0.27586206896551724,0.4166666666666667,0.2222222222222222,0.4834233460814939,0.4903159740900126,0.3625740631198413,0.3754066717610703
