model,validation,test
Logistic Regression,0.423671497584541,0.3498288204170556
1D-CNN,0.34242424242424246,0.3049169859514687
CatBoost,0.5384615384615384,0.216708023159636
