model,split,accuracy,balanced_accuracy,macro_f1,weighted_f1,precision_macro,recall_macro,mcc,down_f1,flat_f1,up_f1,roc_auc_macro_ovr,roc_auc_weighted_ovr,pr_auc_macro,pr_auc_weighted
CatBoost,validation,0.6666666666666666,0.5639589169000933,0.5384615384615384,0.620032988454041,0.5619047619047619,0.5639589169000933,0.3147823023792615,0.21052631578947367,0.7894736842105263,0.6153846153846154,0.6949190787426082,0.6608024691358025,0.5076722147242313,0.5829052830135686
