model,split,accuracy,balanced_accuracy,macro_f1,weighted_f1,precision_macro,recall_macro,mcc,down_f1,flat_f1,up_f1,roc_auc_macro_ovr,roc_auc_weighted_ovr,pr_auc_macro,pr_auc_weighted
1D-CNN,validation,0.5769230769230769,0.3668174962292609,0.34242424242424246,0.5248834498834498,0.43133997785160577,0.3668174962292609,0.035506282794784,0.13333333333333333,0.7272727272727273,0.16666666666666666,0.4839529029959375,0.46967980192202785,0.4145264714570234,0.5085905573740326
