model,split,accuracy,balanced_accuracy,macro_f1,weighted_f1,precision_macro,recall_macro,mcc,down_f1,flat_f1,up_f1,roc_auc_macro_ovr,roc_auc_weighted_ovr,pr_auc_macro,pr_auc_weighted
1D-CNN,test,0.3269230769230769,0.3190283400809717,0.3049169859514687,0.3138999410551135,0.33451924831235175,0.3190283400809717,-0.017288989026913996,0.27586206896551724,0.4166666666666667,0.2222222222222222,0.4834233460814939,0.4903159740900126,0.3625740631198413,0.3754066717610703
