model,split,accuracy,balanced_accuracy,macro_f1,weighted_f1,precision_macro,recall_macro,mcc,down_f1,flat_f1,up_f1,roc_auc_macro_ovr,pr_auc_macro
Logistic Regression,test,0.4074074074074074,0.3792397660818713,0.3498288204170556,0.3716498945257114,0.3522032468901539,0.3792397660818713,0.0873894973701754,0.5098039215686274,0.4444444444444444,0.0952380952380952,0.5105962177943602,0.3822681073566735
1D-CNN,test,0.3269230769230769,0.3190283400809717,0.3049169859514687,0.3138999410551135,0.33451924831235175,0.3190283400809717,-0.017288989026913996,0.27586206896551724,0.4166666666666667,0.2222222222222222,0.4834233460814939,0.3625740631198413
CatBoost,test,0.2962962962962963,0.3415204678362573,0.216708023159636,0.1976840363937138,0.2350557244174265,0.3415204678362573,0.0230718142547424,0.0,0.2307692307692307,0.4193548387096774,0.592389060887513,0.4451826078784784
