model,split,accuracy,balanced_accuracy,macro_f1,weighted_f1,precision_macro,recall_macro,mcc,down_f1,flat_f1,up_f1,roc_auc_macro_ovr,roc_auc_weighted_ovr,pr_auc_macro,pr_auc_weighted
Logistic Regression,validation,0.5370370370370371,0.41409897292250236,0.42367149758454103,0.5459473966720343,0.4465608465608466,0.41409897292250236,0.11981777132504505,0.5,0.6376811594202898,0.13333333333333333,0.4763830532212885,0.4868055555555556,0.420155094643547,0.5460367636010187
