model,split,accuracy,balanced_accuracy,macro_f1,weighted_f1,precision_macro,recall_macro,mcc,down_f1,flat_f1,up_f1,roc_auc_macro_ovr,roc_auc_weighted_ovr,pr_auc_macro,pr_auc_weighted
Logistic Regression,validation,0.5370370370370371,0.41409897292250236,0.42367149758454103,0.5459473966720343,0.4465608465608466,0.41409897292250236,0.11981777132504505,0.5,0.6376811594202898,0.13333333333333333,0.4763830532212885,0.4868055555555556,0.420155094643547,0.5460367636010187
CatBoost,validation,0.6666666666666666,0.5639589169000933,0.5384615384615384,0.620032988454041,0.5619047619047619,0.5639589169000933,0.3147823023792615,0.21052631578947367,0.7894736842105263,0.6153846153846154,0.6949190787426082,0.6608024691358025,0.5076722147242313,0.5829052830135686
Logistic Regression,test,0.4074074074074074,0.3792397660818713,0.34982882041705565,0.37164989452571146,0.3522032468901539,0.3792397660818713,0.08738949737017548,0.5098039215686274,0.4444444444444444,0.09523809523809523,0.5105962177943602,0.5167951511088765,0.38226810735667355,0.3909291052888731
CatBoost,test,0.2962962962962963,0.34152046783625734,0.21670802315963608,0.19768403639371382,0.23505572441742653,0.34152046783625734,0.023071814254742494,0.0,0.23076923076923078,0.41935483870967744,0.592389060887513,0.5909586056644881,0.44518260787847846,0.44865294208254874
