vif_threshold,selected_feature_count,max_vif,val_accuracy,val_balanced_accuracy,val_macro_f1
3,35,2.924396723950699,0.48148148148148145,0.35294117647058826,0.3615384615384616
5,42,4.928008067510995,0.48148148148148145,0.32492997198879553,0.33888888888888885
7,43,5.074602541112357,0.5185185185185185,0.40429505135387495,0.41421568627450983
10,47,9.971026004581116,0.48148148148148145,0.32492997198879553,0.34492753623188405
20,50,12.155471247551871,0.5370370370370371,0.41409897292250236,0.42017943409247754
50,50,12.155471247551871,0.5370370370370371,0.41409897292250236,0.42017943409247754
100,50,12.155471247551871,0.5370370370370371,0.41409897292250236,0.42017943409247754
