{
    "penalty": "elasticnet",
    "C": 1.0123443082243553,
    "l1_ratio": 0.29836187177108225
}